DEPTH (nm),B,DEPTH (nm),Ge,DEPTH (nm),C,DEPTH (nm),As
0,1.00E+15,2.584,0.008943338,0,1.00E+15,0.89623,1.05298E+20
39.595,5.30096E+16,3.314,0.008699128,50.42797,1.14958E+18,1.83612,9.85786E+19
40.325,5.74906E+16,4.044,0.009114156,51.36747,1.24975E+18,2.77573,9.01747E+19
41.055,5.63009E+16,4.774,0.009148646,52.31916,1.28301E+18,3.72751,8.57447E+19
41.785,5.68065E+16,5.504,0.008557185,53.25865,1.32634E+18,4.65487,8.34979E+19
42.515,7.46977E+16,6.234,0.008575426,54.19815,1.13485E+18,5.59441,8.25888E+19
43.245,7.07276E+16,6.964,0.009882061,55.13764,1.3813E+18,6.53394,8.0549E+19
43.975,4.83776E+16,7.694,0.009462214,56.07714,1.46684E+18,7.47347,8.08068E+19
44.705,3.74619E+16,8.424,0.009284241,57.01664,1.61074E+18,8.41298,7.87149E+19
45.435,4.74341E+16,9.154,0.009750139,57.95613,1.58364E+18,9.3525,8.00877E+19
46.165,5.19262E+16,9.884,0.009359489,58.88344,1.82545E+18,10.29201,8.10661E+19
46.895,4.75237E+16,10.614,0.009631669,59.82296,1.90341E+18,11.23152,7.80207E+19
47.625,4.44601E+16,11.344,0.00897442,60.7625,2.31099E+18,12.17102,7.87923E+19
48.355,5.14238E+16,12.074,0.007655294,61.7021,2.25708E+18,13.11052,7.86158E+19
49.085,3.38403E+16,12.804,0.008137165,62.6417,2.40459E+18,14.03782,7.73548E+19
49.815,3.17613E+16,13.534,0.009502475,63.59352,3.00091E+18,14.97732,7.7157E+19
50.545,3.18404E+16,14.264,0.007701082,64.53312,2.92908E+18,15.92902,7.53359E+19
51.275,3.69431E+16,14.994,0.004996551,65.47273,2.72238E+18,16.86852,7.6995E+19
52.005,5.63567E+16,15.724,0.00705116,66.41254,2.97252E+18,17.80801,7.6391E+19
52.735,5.78777E+16,16.454,0.009581053,67.34113,3.24639E+18,18.74751,7.53313E+19
53.465,7.03187E+16,17.184,0.007330749,68.2854,3.50559E+18,19.687,7.52103E+19
54.195,7.72743E+16,17.914,0.00505662,69.23582,4.17668E+18,20.6265,7.54968E+19
54.925,6.40037E+16,18.644,0.005779087,70.1955,4.50268E+18,21.56599,7.37373E+19
55.655,6.61441E+16,19.374,0.006505311,71.16524,4.72438E+18,22.49329,7.42808E+19
56.385,7.95615E+16,20.104,0.005336642,72.14473,5.21241E+18,23.43278,7.2927E+19
57.115,7.79139E+16,20.834,0.004848502,73.1339,5.24217E+18,24.37227,7.34838E+19
57.845,8.50195E+16,21.564,0.008556197,74.132,6.25322E+18,25.31177,7.2719E+19
58.575,9.70647E+16,22.294,0.010680673,75.13847,6.94244E+18,26.25127,7.10383E+19
59.305,1.19033E+17,23.024,0.00724599,76.16649,7.8421E+18,27.19076,7.18662E+19
60.035,1.25625E+17,23.754,0.004944441,77.17556,8.57565E+18,28.14246,7.20082E+19
60.765,1.08518E+17,24.484,0.005863593,78.20512,9.45302E+18,29.08195,7.06097E+19
61.495,8.97393E+16,25.214,0.006788733,79.23909,1.07149E+19,30.02144,7.00946E+19
62.225,8.90538E+16,25.944,0.007995474,80.27892,1.11781E+19,30.96094,6.93494E+19
62.955,6.74966E+16,26.674,0.009916151,81.3232,1.21143E+19,31.88823,6.79674E+19
63.685,7.88758E+16,27.404,0.011105942,82.37178,1.23792E+19,32.82773,6.74967E+19
64.415,9.68301E+16,28.134,0.013740954,83.42474,1.25666E+19,33.76722,6.87031E+19
65.145,8.60778E+16,28.864,0.015680362,84.47967,1.23003E+19,34.70671,6.56557E+19
65.875,7.01439E+16,29.594,0.013296977,85.53687,1.20337E+19,35.6462,6.46628E+19
66.605,1.12996E+17,30.324,0.011391934,86.58132,1.18773E+19,36.5857,6.52663E+19
67.335,2.26292E+17,31.054,0.011901482,87.63806,1.06674E+19,37.52519,6.47365E+19
68.065,2.84493E+17,31.784,0.015247594,88.68953,1.05597E+19,38.46469,6.37618E+19
68.795,4.25761E+17,32.514,0.031296098,89.74518,1.03757E+19,39.40418,6.2318E+19
69.525,6.28306E+17,33.244,0.103551044,90.77345,9.52687E+18,40.35587,6.02829E+19
70.255,1.09858E+18,33.974,0.348651346,91.78757,9.38286E+18,41.28316,6.04688E+19
70.985,1.81249E+18,34.704,0.914677395,92.78745,8.08806E+18,42.22266,6.00289E+19
71.715,2.78263E+18,35.434,1.884016161,93.77553,7.85415E+18,43.16215,5.67808E+19
72.445,4.11724E+18,36.164,3.173526165,94.75417,6.8827E+18,44.10165,5.65692E+19
73.175,6.14351E+18,36.894,4.651836088,95.72435,6.51774E+18,45.04114,5.64655E+19
73.905,8.81661E+18,37.624,6.274915897,96.67523,6.14473E+18,45.98063,5.55576E+19
74.635,1.16674E+19,38.354,7.952870756,97.63358,5.34962E+18,46.92012,5.52997E+19
75.365,1.49726E+19,39.084,9.621149316,98.58766,4.36493E+18,47.85962,5.49949E+19
76.095,1.83435E+19,39.814,11.308751,99.53861,4.63621E+18,48.79911,5.29408E+19
76.825,2.16966E+19,40.544,12.95588084,100.48701,5.04942E+18,49.7264,5.31644E+19
77.555,2.47976E+19,41.274,14.47118482,101.43341,4.13763E+18,50.6659,5.0618E+19
78.285,2.76654E+19,42.004,15.94426995,102.39056,3.91878E+18,51.60539,5.19308E+19
79.015,2.98222E+19,42.734,17.4573077,103.33425,3.70551E+18,52.55708,5.17033E+19
79.745,3.17032E+19,43.464,18.97134835,104.27688,3.40521E+18,53.49658,5.06134E+19
80.475,3.24796E+19,44.194,20.36459856,105.2188,3.39934E+18,54.43607,4.86533E+19
81.205,3.26281E+19,44.924,21.55580161,106.14793,3.23244E+18,55.37557,5.01878E+19
81.935,3.18761E+19,45.654,22.72080339,107.08878,2.44646E+18,56.31506,4.95378E+19
82.665,3.02407E+19,46.384,23.87106918,108.0293,2.39605E+18,57.25456,4.95895E+19
83.395,2.86159E+19,47.114,24.80500243,108.96954,2.21489E+18,58.19405,4.73644E+19
84.125,2.63981E+19,47.844,25.57866486,109.90956,2.21923E+18,59.12136,4.69534E+19
84.855,2.36656E+19,48.574,26.25144152,110.84944,1.96562E+18,60.06089,4.39585E+19
85.585,2.15106E+19,49.304,26.8260739,111.78921,1.95185E+18,61.00044,4.04917E+19
86.315,1.9475E+19,50.034,27.41335683,112.72887,1.82061E+18,61.94005,3.75974E+19
87.045,1.71336E+19,50.764,27.9888277,113.66848,1.61297E+18,62.87965,3.29758E+19
87.775,1.51059E+19,51.494,28.42523208,114.60806,1.56713E+18,63.83147,2.90718E+19
88.505,1.29726E+19,52.224,28.46687665,115.54762,1.45311E+18,64.77107,2.36293E+19
89.235,1.12461E+19,52.954,28.15693119,116.48716,1.21499E+18,65.71069,1.96525E+19
89.965,9.29407E+18,53.684,27.79633447,117.42668,1.40309E+18,66.65056,1.56079E+19
90.695,7.8381E+18,54.414,27.11967748,118.36619,1.14965E+18,67.57947,1.32583E+19
91.425,6.86103E+18,55.144,25.70263698,119.3057,1.02177E+18,68.5248,1.05971E+19
92.155,5.95385E+18,55.874,23.6303334,120.2452,9.95916E+17,69.47695,8.42528E+18
92.885,4.82661E+18,56.604,21.3072697,121.1847,9.18043E+17,70.43919,6.4891E+18
93.615,4.22904E+18,57.334,18.89552991,122.1242,9.60907E+17,71.41147,4.81129E+18
94.345,3.64025E+18,58.064,16.40580281,123.0637,9.03485E+17,72.3934,4.0686E+18
95.075,3.07373E+18,58.794,14.09398581,123.991,6.48325E+17,73.38503,2.4515E+18
95.805,2.75436E+18,59.524,12.12874312,124.9305,6.49694E+17,74.38532,1.27801E+18
96.535,2.52085E+18,60.254,10.45175219,125.8822,7.9226E+17,75.39388,8.12956E+16
97.265,2.17949E+18,60.984,9.018584844,126.82169,7.82458E+17,76.42402,1.00E+10
97.995,1.87388E+18,61.714,7.719061232,127.76119,6.4152E+17,77.43495,1.00E+10
98.725,1.53815E+18,62.444,6.524582688,128.70068,5.45047E+17,78.46631,1.00E+10
99.455,1.28781E+18,63.174,5.552379493,129.64018,5.44388E+17,79.50117,1.00E+10
100.185,1.02828E+18,63.904,4.837400028,130.57967,5.06015E+17,80.54267,1.00E+10
100.915,9.05041E+17,64.634,4.256942183,131.51917,5.38907E+17,81.58791,1.00E+10
101.645,8.44601E+17,65.364,3.649014749,132.44646,3.7283E+17,82.63762,1.00E+10
102.375,7.25115E+17,66.094,3.086182676,133.38596,3.78687E+17,83.69168,1.00E+10
103.105,6.16757E+17,66.824,2.64298617,134.32545,3.32309E+17,84.7469,1.00E+10
103.835,6.47334E+17,67.554,2.28182621,135.26494,3.97216E+17,85.80478,1.00E+10
104.565,5.18813E+17,68.284,2.000675039,136.20444,3.0732E+17,86.84933,1.00E+10
105.295,4.10105E+17,69.014,1.734886359,137.14393,3.55071E+17,87.90554,1.00E+10
106.025,3.89946E+17,69.744,1.474462529,138.09563,3.14005E+17,88.95541,1.00E+10
106.755,3.4988E+17,70.474,1.26792795,139.03512,2.49918E+17,90.00844,1.00E+10
107.485,3.20762E+17,71.204,1.098694077,139.97462,2.26188E+17,91.03288,1.00E+10
108.215,3.16062E+17,71.934,0.953009798,140.91411,3.4891E+17,92.0435,1.00E+10
108.945,3.06062E+17,72.664,0.834360905,141.8414,2.1877E+17,93.03974,1.00E+10
109.675,2.34603E+17,73.394,0.723471727,142.78089,2.98614E+17,94.02506,1.00E+10
110.405,1.43516E+17,74.124,0.619651887,143.72039,1.86137E+17,95.00143,1.00E+10
111.135,7.85376E+16,74.854,0.535341443,144.65988,2.19062E+17,95.96952,1.00E+10
111.865,1.12844E+17,75.584,0.459352368,145.59937,9.72786E+16,96.91879,1.00E+10
112.595,1.11654E+17,76.314,0.394607151,146.53887,1.85928E+17,97.87599,1.00E+10
113.325,1.2922E+17,77.044,0.340733978,147.47836,2.10474E+17,98.82901,1.00E+10
114.055,1.45332E+17,77.774,0.291212953,148.41785,2.66984E+17,99.77926,1.00E+10
114.785,1.66446E+17,78.504,0.257887367,149.35735,1.87051E+17,100.72703,1.00E+10
115.515,1.53757E+17,79.234,0.234851885,150.29684,1.05092E+17,101.67297,1.70494E+16
116.245,1.366E+17,79.964,0.201399657,151.23633,2.10241E+17,102.62975,1.63158E+15
116.975,9.58718E+16,80.694,0.167856079,152.17583,1.45285E+17,103.57317,6.1834E+16
117.705,1.35053E+17,81.424,0.153296095,153.11532,9.7406E+16,104.51553,1.03857E+16
118.435,1.27955E+17,82.154,0.137239986,154.05481,1.46843E+17,105.4573,2.43656E+16
119.165,1.06192E+17,82.884,0.111860502,154.99431,1.15173E+17,106.38629,1.63158E+15
119.895,9.33074E+16,83.614,0.093500945,155.9338,1.80242E+17,107.32702,2.84531E+16
120.625,1.05303E+17,84.344,0.081056284,156.87329,1.22071E+17,108.26747,2.43281E+16
121.355,9.39688E+16,85.074,0.072496339,157.81278,1.38344E+17,109.20763,4.85977E+16
122.085,6.83989E+16,85.804,0.063475664,158.75228,1.30963E+17,110.14761,1.85366E+16
122.815,1.66921E+16,86.534,0.057217908,159.67957,1.54755E+17,111.08745,2.2463E+16
170,1.00E+15,87.264,0.060309887,160.61906,1.21274E+17,112.02719,1.79815E+16
,,87.994,0.061888671,161.55856,1.05635E+17,112.96683,4.47192E+16
,,88.724,0.056616361,162.51025,1.2186E+17,113.90643,5.59258E+16
,,89.454,0.047866474,163.44974,9.74899E+16,114.84601,5.24538E+16
,,90.184,0.040659773,164.38924,4.85582E+16,115.78556,6.79972E+16
,,90.914,0.040319844,165.32873,8.94697E+16,116.72509,2.60444E+16
,,91.644,0.043915266,166.26822,8.96944E+16,117.66461,6.263E+16
,,92.374,0.041720507,167.20771,1.61353E+16,118.60412,7.12507E+16
,,93.104,0.034360814,168.14721,8.13178E+16,119.54362,6.80927E+16
,,93.834,0.032861373,169.0745,5.672E+16,120.48313,7.56027E+16
,,94.564,0.032976299,170.01399,8.86969E+16,121.42263,5.49894E+16
,,95.294,0.03168624,170.95349,3.21722E+16,122.36213,5.66382E+16
,,96.024,0.033411384,171.89298,6.46618E+16,123.30163,7.26941E+16
,,96.754,0.034085858,172.83247,8.08466E+16,124.22892,8.97621E+16
,,97.484,0.032533985,173.77197,7.30997E+16,125.16842,9.20018E+16
,,98.214,0.026027841,174.72366,3.24244E+16,126.12012,1.02393E+17
,,98.944,0.01828241,175.66315,3.22166E+16,127.05962,1.09989E+17
,,99.674,0.020377064,176.60265,8.15703E+16,127.99911,1.10344E+17
,,100.404,0.025058596,177.52994,6.49049E+16,128.93861,1.22551E+17
,,101.134,0.022221016,178.46943,3.21504E+16,129.8781,1.10273E+17
,,101.864,0.022278297,179.40892,6.41197E+16,130.8176,1.10829E+17
,,102.594,0.025986955,180.34842,4.86409E+16,131.75709,7.79591E+16
,,103.324,0.026193947,181.28791,8.97956E+16,132.68439,1.20759E+17
,,104.054,0.024791054,182.2274,6.52461E+16,133.62388,1.5907E+17
,,104.784,0.02193022,183.1669,1.61097E+16,134.56337,1.39027E+17
,,105.514,0.026952525,184.10639,3.22896E+16,135.50287,1.8822E+17
,,106.244,0.034789925,185.04588,8.10056E+16,136.44236,1.35031E+17
,,106.974,0.028233474,185.99758,3.24115E+16,137.38185,1.54247E+17
,,107.704,0.021183496,186.92487,8.01627E+15,138.33355,1.38001E+17
,,108.434,0.02406809,187.86436,4.88737E+16,139.27305,1.37388E+17
,,109.164,0.023857181,188.80386,8.14104E+16,140.21254,2.04187E+17
,,109.894,0.02000544,189.74335,2.41821E+16,141.15203,1.59955E+17
,,110.624,0.018699122,190.68284,8.15118E+16,142.07932,1.71849E+17
,,111.354,0.019726506,191.62234,2.42827E+16,143.01882,1.51293E+17
,,112.084,0.022118907,192.56183,4.05757E+16,143.95831,1.67284E+17
,,112.814,0.022197483,193.50133,5.66424E+16,144.8978,1.35342E+17
,,113.544,0.019658918,194.44082,2.3126E+16,145.8373,1.9647E+17
,,114.274,0.020993069,195.36811,4.05243E+16,146.77679,2.19674E+17
,,115.004,0.025934328,196.3076,3.24446E+16,147.71628,1.35039E+17
,,115.734,0.027240312,197.2471,7.2899E+16,148.65578,1.87764E+17
,,116.464,0.023337392,198.19879,8.10549E+16,149.59527,1.8959E+17
,,117.194,0.019902107,199.13828,3.23521E+16,150.53476,2.21558E+17
,,117.924,0.019077596,200.07778,5.65769E+16,151.47426,1.9565E+17
,,118.654,0.018316549,201.01727,3.24549E+16,152.41375,2.28513E+17
,,119.384,0.018824396,201.95676,4.03644E+16,153.35324,1.68571E+17
,,120.114,0.020300437,202.89626,4.8443E+16,154.29274,2.35096E+17
,,120.844,0.021036655,203.83575,4.0385E+16,155.23223,2.33582E+17
,,121.574,0.020821267,204.76304,2.40101E+16,156.17172,2.72168E+17
,,122.304,0.019074501,205.70254,1.6175E+16,157.11122,2.62874E+17
,,123.034,0.016248306,206.64203,4.88694E+16,158.05071,2.71479E+17
,,123.764,0.01438886,207.58153,3.25434E+16,158.9902,2.73641E+17
,,124.494,0.015576522,208.52102,3.25396E+16,159.91749,2.38004E+17
,,125.224,0.018313904,209.46051,2.43843E+16,160.85699,3.68632E+17
,,125.954,0.017559106,210.41221,4.87545E+16,161.79648,2.83793E+17
,,126.684,0.014413132,211.3517,2.41926E+16,162.74817,2.83034E+17
,,127.414,0.017219441,212.29119,4.04537E+16,163.68767,3.24465E+17
,,128.144,0.021592419,350,1.00E+10,164.62716,3.80632E+17
,,128.874,0.018354143,,,165.56665,4.04021E+17
,,129.604,0.014183185,,,166.50615,3.13279E+17
,,130.334,0.013639408,,,167.44564,4.10452E+17
,,131.064,0.016974076,,,168.38513,3.54088E+17
,,131.794,0.019797201,,,169.31242,5.44594E+17
,,132.524,0.016115553,,,170.25192,4.15054E+17
,,133.254,0.014042982,,,171.19141,5.79169E+17
,,133.984,0.015643344,,,172.1309,5.03872E+17
,,134.714,0.017035485,,,173.0704,4.88694E+17
,,135.444,0.016860886,,,174.00989,4.89088E+17
,,136.174,0.015005595,,,174.96158,5.43731E+17
,,136.904,0.018900123,,,175.90108,5.68902E+17
,,137.634,0.022056512,,,176.84057,5.20089E+17
,,138.364,0.015500721,,,177.76786,5.85882E+17
,,139.094,0.015291073,,,178.70735,6.19798E+17
,,139.824,0.020609018,,,179.64685,6.07E+17
,,140.554,0.020373718,,,180.58634,7.20557E+17
,,141.284,0.019859147,,,181.52583,7.76611E+17
,,142.014,0.017926141,,,182.46533,7.59203E+17
,,142.744,0.01619263,,,183.40482,9.12934E+17
,,143.474,0.018200901,,,184.34432,7.83509E+17
,,144.204,0.019024815,,,185.28381,8.52014E+17
,,144.934,0.017065518,,,186.2355,8.25549E+17
,,145.664,0.016867595,,,187.16279,8.91276E+17
,,146.394,0.016031574,,,188.10229,9.56902E+17
,,147.124,0.013104339,,,189.04178,1.01319E+18
,,147.854,0.01571782,,,189.98127,9.09737E+17
,,148.584,0.01885498,,,190.92077,9.81684E+17
,,149.314,0.014392672,,,191.86026,1.15637E+18
,,150.044,0.010707562,,,192.79976,1.01528E+18
,,150.774,0.012280804,,,193.73925,9.85883E+17
,,151.504,0.015581321,,,194.67874,1.16542E+18
,,152.234,0.017044785,,,195.60603,1.20414E+18
,,152.964,0.013284358,,,196.54553,1.34994E+18
,,153.694,0.012648465,,,197.48502,1.1548E+18
,,154.424,0.018437117,,,198.43671,1.26235E+18
,,155.154,0.020605395,,,199.37621,1.28504E+18
,,155.884,0.017773062,,,200.3157,1.33888E+18
,,156.614,0.014870561,,,201.25519,1.41876E+18
,,157.344,0.015616363,,,202.19469,1.60592E+18
,,158.074,0.017934413,,,203.13418,1.49538E+18
,,158.804,0.016838588,,,204.07368,1.56105E+18
,,159.534,0.014459488,,,205.00097,1.6078E+18
,,160.264,0.014709056,,,205.94046,1.64284E+18
,,160.994,0.015484491,,,206.87996,1.69689E+18
,,161.724,0.014429925,,,207.81945,1.63396E+18
,,162.454,0.014388681,,,208.75894,1.77464E+18
,,163.184,0.015955002,,,209.69844,1.68933E+18
,,163.914,0.016796777,,,210.65013,1.72642E+18
,,164.644,0.016044894,,,211.58963,1.84531E+18
,,165.374,0.014238177,,,212.52912,1.83094E+18
,,166.104,0.013226202,,,213.46861,1.8649E+18
,,166.834,0.013516008,,,214.3959,2.03073E+18
,,167.564,0.014325447,,,215.3354,2.01709E+18
,,168.294,0.014052249,,,216.27489,1.96188E+18
,,169.024,0.012712627,,,217.21438,2.23196E+18
,,169.754,0.014293385,,,218.15388,2.33558E+18
,,170.484,0.015068224,,,219.09337,2.31535E+18
,,171.214,0.014248621,,,220.03286,2.43762E+18
,,171.944,0.015848286,,,220.97236,2.44791E+18
,,172.674,0.015369876,,,221.91185,2.46066E+18
,,173.404,0.013260683,,,222.85134,2.56795E+18
,,174.134,0.011894787,,,223.79084,2.58579E+18
,,174.864,0.010038662,,,224.73033,2.54277E+18
,,175.594,0.011183049,,,225.66982,2.5916E+18
,,176.324,0.0147126,,,226.60931,2.53167E+18
,,177.054,0.014960693,,,227.54881,2.77655E+18
,,177.784,0.014149079,,,228.4883,2.99386E+18
,,178.514,0.013617223,,,229.42779,2.95899E+18
,,179.244,0.012972497,,,230.36729,3.22273E+18
,,179.974,0.013699396,,,231.30679,3.01482E+18
,,180.704,0.013247642,,,232.23408,3.28427E+18
,,181.434,0.013311939,,,233.17357,3.05268E+18
,,182.164,0.015709531,,,234.11306,3.2018E+18
,,182.894,0.016218586,,,235.06476,3.39538E+18
,,183.624,0.013513511,,,236.00425,3.16178E+18
,,184.354,0.012122834,,,236.94375,3.35343E+18
,,185.084,0.013962707,,,237.88324,3.34523E+18
,,185.814,0.014506251,,,238.82273,3.6086E+18
,,186.544,0.013136848,,,239.76223,3.43127E+18
,,187.274,0.012332,,,240.68952,3.48392E+18
,,188.004,0.010801831,,,241.62901,3.97147E+18
,,188.734,0.010846652,,,242.5685,3.86513E+18
,,189.464,0.013802171,,,243.508,3.82868E+18
,,190.194,0.015149167,,,244.44749,3.93962E+18
,,190.924,0.013262171,,,245.38698,4.00438E+18
,,191.654,0.011356377,,,246.32648,4.31507E+18
,,192.384,0.015309836,,,247.27817,4.13084E+18
,,193.114,0.019609642,,,248.21766,4.39755E+18
,,193.844,0.015705829,,,249.15716,4.5112E+18
,,194.574,0.009849952,,,250.08445,4.27186E+18
,,195.304,0.008495305,,,251.02394,4.36556E+18
,,196.034,0.01011832,,,251.96344,4.5026E+18
,,196.764,0.011445921,,,252.90293,4.34001E+18
,,197.494,0.011903381,,,253.84242,4.74785E+18
,,198.224,0.013732388,,,254.78192,4.65231E+18
,,198.954,0.014363765,,,255.72141,4.7302E+18
,,199.684,0.01101139,,,256.6609,5.04067E+18
,,200.414,0.008347564,,,257.6004,5.0589E+18
,,201.144,0.009347089,,,258.53989,5.33348E+18
,,201.874,0.010374635,,,259.47938,5.45403E+18
,,202.604,0.010701481,,,260.41887,5.58835E+18
,,203.334,0.01370055,,,261.35837,5.3536E+18
,,204.064,0.016839309,,,262.29786,5.72296E+18
,,204.794,0.016236652,,,263.23735,5.7506E+18
,,205.524,0.011187853,,,264.17685,5.57842E+18
,,206.254,0.008002183,,,265.11634,5.97506E+18
,,206.984,0.011439984,,,266.05583,5.71455E+18
,,207.714,0.014353268,,,266.99533,6.31895E+18
,,208.444,0.013325555,,,267.92262,6.20472E+18
,,209.174,0.011747303,,,268.86211,6.38302E+18
,,209.904,0.01198382,,,269.8016,6.41368E+18
,,210.634,0.014145762,,,270.7533,6.12498E+18
,,211.364,0.014994174,,,271.69279,6.70498E+18
,,212.094,0.013656068,,,272.63229,6.38015E+18
,,212.824,0.013357929,,,273.57178,7.13833E+18
,,213.554,0.013556693,,,274.51127,7.04721E+18
,,214.284,0.012984281,,,275.45077,7.10499E+18
,,215.014,0.013011101,,,276.39026,7.21066E+18
,,215.744,0.013574591,,,277.31755,7.50285E+18
,,216.474,0.0138685,,,278.25704,7.2275E+18
,,217.204,0.012556062,,,279.19654,7.30277E+18
,,217.934,0.013662644,,,280.13603,7.58338E+18
,,218.664,0.016401601,,,281.07553,7.92621E+18
,,219.394,0.014816811,,,282.01502,7.56694E+18
,,220.124,0.012616755,,,282.96671,7.75542E+18
,,220.854,0.012781176,,,283.90621,7.90509E+18
,,221.584,0.014580189,,,284.8457,7.87718E+18
,,222.314,0.014326353,,,285.77299,8.0491E+18
,,223.044,0.011674911,,,286.71249,8.30284E+18
,,223.774,0.010338512,,,287.65198,8.42505E+18
,,224.504,0.01064336,,,288.59147,8.40358E+18
,,225.234,0.013390963,,,289.53097,8.27252E+18
,,225.964,0.015067358,,,290.47046,8.63984E+18
,,226.694,0.01187338,,,291.40995,8.6124E+18
,,227.424,0.00967291,,,292.34945,9.05213E+18
,,228.154,0.009874715,,,293.28894,9.39819E+18
,,228.884,0.010450938,,,294.22843,8.86756E+18
,,229.614,0.013518474,,,295.16793,9.26868E+18
,,230.344,0.014943215,,,296.10742,9.68493E+18
,,231.074,0.012262176,,,297.04691,9.86702E+18
,,231.804,0.011950302,,,297.98641,9.51791E+18
,,232.534,0.016198248,,,298.9259,1.00432E+19
,,233.264,0.018031997,,,299.86539,9.308E+18
,,233.994,0.016140702,,,300.7062196,1.14204E+19
,,234.724,0.013991961,,,305.2255038,1.20646E+19
,,235.454,0.012629623,,,309.744788,1.25178E+19
,,236.184,0.011535946,,,314.2640723,1.31137E+19
,,236.914,0.011227115,,,318.7833565,1.39327E+19
,,237.644,0.012241333,,,323.3026407,1.42042E+19
,,238.374,0.010639178,,,327.8219249,1.48967E+19
,,239.104,0.009384205,,,332.3412092,1.58216E+19
,,239.834,0.013474966,,,336.8604934,1.64865E+19
,,240.564,0.015645594,,,341.3797776,1.70019E+19
,,241.294,0.014076806,,,345.8990618,1.80441E+19
,,242.024,0.014388219,,,350.4183461,1.83985E+19
,,242.754,0.014664138,,,354.9376303,1.94707E+19
,,243.484,0.013285296,,,359.4569145,2.05982E+19
,,244.214,0.011874626,,,363.9761987,2.0872E+19
,,244.944,0.011312039,,,368.495483,2.22895E+19
,,245.674,0.010778265,,,373.0147672,2.29062E+19
,,246.404,0.011278227,,,377.5340514,2.37691E+19
,,247.134,0.01339301,,,382.0533356,2.48737E+19
,,247.864,0.013955957,,,386.5726199,2.5693E+19
,,248.594,0.012660135,,,391.0919041,2.65813E+19
,,249.324,0.011614228,,,395.6111883,2.7251E+19
,,250.054,0.011640287,,,400.1304726,2.80151E+19
,,250.784,0.015197176,,,404.6497568,2.94075E+19
,,251.514,0.019878868,,,409.169041,3.04984E+19
,,252.244,0.017785556,,,413.6883252,3.18057E+19
,,252.974,0.012094974,,,418.2076095,3.21095E+19
,,253.704,0.011828923,,,422.7268937,3.34583E+19
,,254.434,0.013192479,,,427.2461779,3.42363E+19
,,255.164,0.011232315,,,431.7654621,3.55069E+19
,,255.894,0.01336574,,,436.2847464,3.67154E+19
,,256.624,0.018254737,,,440.8040306,3.79539E+19
,,257.354,0.015783419,,,445.3233148,3.88701E+19
,,258.084,0.010320259,,,449.842599,3.93788E+19
,,258.814,0.009473708,,,454.3618833,4.07394E+19
,,259.544,0.009698372,,,458.8811675,4.15773E+19
,,260.274,0.0094228,,,463.4004517,4.24913E+19
,,261.004,0.009458456,,,467.9197359,4.39049E+19
,,261.734,0.009468238,,,472.4390202,4.44253E+19
,,262.464,0.009726462,,,476.9583044,4.57445E+19
,,263.194,0.011581812,,,481.4775886,4.71513E+19
,,263.924,0.013195871,,,485.9968728,4.70638E+19
,,264.654,0.011363067,,,490.5161571,4.8793E+19
,,265.384,0.00977179,,,495.0354413,4.99628E+19
,,266.114,0.008660573,,,499.5547255,5.01884E+19
,,266.844,,,,504.0740097,5.21596E+19
,,267.574,,,,508.593294,5.21112E+19
,,268.304,,,,513.1125782,5.34215E+19
,,269.034,,,,517.6318624,5.40755E+19
,,269.764,,,,522.1511466,5.4566E+19
,,270.494,,,,526.6704309,5.61804E+19
,,271.224,,,,531.1897151,5.71891E+19
,,271.954,,,,535.7089993,5.77442E+19
,,272.684,,,,540.2282835,5.87023E+19
,,273.414,,,,544.7475678,5.94669E+19
,,274.144,,,,549.266852,6.08166E+19
,,274.874,,,,553.7861362,6.06508E+19
,,275.604,,,,558.3054204,6.18209E+19
,,276.334,,,,562.8247047,6.31891E+19
,,277.064,,,,567.3439889,6.44099E+19
,,277.794,,,,571.8632731,6.43339E+19
,,278.524,,,,576.3825573,6.51954E+19
,,279.254,,,,580.9018416,6.6096E+19
,,279.984,,,,585.4211258,6.68585E+19
,,280.714,,,,589.94041,6.80887E+19
,,281.444,,,,594.4596942,6.89433E+19
,,282.174,,,,598.9789785,6.9434E+19
,,282.904,,,,603.4982627,7.11619E+19
,,283.634,,,,608.0175469,7.08486E+19
,,284.364,,,,612.5368311,7.23806E+19
,,285.094,,,,617.0561154,7.26686E+19
,,285.824,,,,621.5753996,7.32538E+19
,,286.554,,,,626.0946838,7.40303E+19
,,287.284,,,,630.613968,7.52168E+19
,,288.014,,,,635.1332523,7.54104E+19
,,288.744,,,,639.6525365,7.68228E+19
,,289.474,,,,644.1718207,7.75947E+19
,,290.204,,,,648.6911049,7.80256E+19
,,290.934,,,,653.2103892,7.81247E+19
,,291.664,,,,657.7296734,7.84887E+19
,,292.394,,,,662.2489576,7.96593E+19
,,293.124,,,,666.7682418,7.99543E+19
,,293.854,,,,671.2875261,8.07562E+19
,,294.584,,,,675.8068103,8.15074E+19
,,295.314,,,,680.3260945,8.16526E+19
,,296.044,,,,684.8453787,8.31205E+19
,,296.774,,,,689.364663,8.28578E+19
,,297.504,,,,693.8839472,8.36252E+19
,,298.234,,,,698.4032314,8.43973E+19
,,298.964,,,,702.9225156,8.60474E+19
,,299.694,,,,707.4417999,8.5757E+19
,,,,,,711.9610841,8.68241E+19
,,,,,,716.4803683,8.65936E+19
,,,,,,720.9996525,8.80986E+19
,,,,,,725.5189368,8.82668E+19
,,,,,,730.038221,8.79741E+19
,,,,,,734.5575052,8.82069E+19
,,,,,,739.0767894,8.92902E+19
,,,,,,743.5960737,8.95414E+19
,,,,,,748.1153579,9.07837E+19
,,,,,,752.6346421,9.0869E+19
,,,,,,757.1539263,9.13116E+19
,,,,,,761.6732106,9.21759E+19
,,,,,,766.1924948,9.27729E+19
,,,,,,770.711779,9.38425E+19
,,,,,,775.2310632,9.36304E+19
,,,,,,779.7503475,9.35982E+19
,,,,,,784.2696317,9.52717E+19
,,,,,,788.7889159,9.43358E+19
,,,,,,793.3082001,9.59517E+19
,,,,,,797.8274844,9.46447E+19
,,,,,,802.3467686,9.62076E+19
,,,,,,806.8660528,9.67378E+19
,,,,,,811.385337,9.73187E+19
,,,,,,815.9046213,9.68139E+19
,,,,,,820.4239055,9.70859E+19
,,,,,,824.9431897,9.80403E+19
,,,,,,829.4624739,9.93797E+19
,,,,,,833.9817582,1.00265E+20
,,,,,,838.5010424,9.94212E+19
,,,,,,843.0203266,1.00168E+20
,,,,,,847.5396108,1.01549E+20
,,,,,,852.0588951,1.00998E+20
,,,,,,856.5781793,1.0166E+20
,,,,,,861.0974635,1.01314E+20
,,,,,,865.6167477,1.01807E+20
,,,,,,870.136032,1.01978E+20
,,,,,,874.6553162,1.02741E+20
,,,,,,879.1746004,1.02672E+20
,,,,,,883.6938846,1.03179E+20
,,,,,,888.2131689,1.02688E+20
,,,,,,892.7324531,1.05766E+20
,,,,,,897.2517373,1.03013E+20
,,,,,,901.7710215,1.04832E+20
,,,,,,906.2903058,1.05081E+20
,,,,,,910.80959,1.0643E+20
,,,,,,915.3288742,1.06799E+20
,,,,,,919.8481584,1.06071E+20
,,,,,,924.3674427,1.05628E+20
,,,,,,928.8867269,1.07295E+20
,,,,,,933.4060111,1.07323E+20
,,,,,,937.9252953,1.07385E+20
,,,,,,942.4445796,1.0818E+20
,,,,,,946.9638638,1.07466E+20
,,,,,,951.483148,1.07604E+20
,,,,,,956.0024322,1.08741E+20
,,,,,,960.5217165,1.09193E+20
,,,,,,965.0410007,1.08054E+20
,,,,,,969.5602849,1.08787E+20
,,,,,,974.0795691,1.09474E+20
,,,,,,978.5988534,1.10182E+20
,,,,,,983.1181376,1.10634E+20
,,,,,,987.6374218,1.09638E+20
,,,,,,992.156706,1.10678E+20
,,,,,,996.6759903,1.09981E+20
,,,,,,1001.195274,1.10551E+20
,,,,,,1005.714559,1.11127E+20
,,,,,,1010.233843,1.1157E+20
,,,,,,1014.753127,1.12714E+20
,,,,,,1019.272411,1.11907E+20
,,,,,,1023.791696,1.10639E+20
,,,,,,1028.31098,1.11789E+20
,,,,,,1032.830264,1.12954E+20
,,,,,,1037.349548,1.13579E+20
,,,,,,1041.868833,1.13634E+20
,,,,,,1046.388117,1.12638E+20
,,,,,,1050.907401,1.13526E+20
,,,,,,1055.426685,1.13738E+20
,,,,,,1059.945969,1.13777E+20
,,,,,,1064.465254,1.13369E+20
,,,,,,1068.984538,1.14531E+20
,,,,,,1073.503822,1.13962E+20
,,,,,,1078.023106,1.14488E+20
,,,,,,1082.542391,1.14345E+20
,,,,,,1087.061675,1.14702E+20
,,,,,,1091.580959,1.15721E+20
,,,,,,1096.100243,1.15498E+20
,,,,,,1100.619527,1.14845E+20
,,,,,,1105.138812,1.1472E+20
,,,,,,1109.658096,1.15228E+20
,,,,,,1114.17738,1.15433E+20
,,,,,,1118.696664,1.15744E+20
,,,,,,1123.215949,1.15634E+20
,,,,,,1127.735233,1.16316E+20
,,,,,,1132.254517,1.17133E+20
,,,,,,1136.773801,1.16035E+20
,,,,,,1141.293085,1.15973E+20
,,,,,,1145.81237,1.16111E+20
,,,,,,1150.331654,1.1622E+20
,,,,,,1154.850938,1.17207E+20
,,,,,,1159.370222,1.16448E+20
,,,,,,1163.889507,1.1645E+20
,,,,,,1168.408791,1.17283E+20
,,,,,,1172.928075,1.17087E+20
,,,,,,1177.447359,1.1735E+20
,,,,,,1181.966644,1.16556E+20
,,,,,,1186.485928,1.16879E+20
,,,,,,1191.005212,1.17885E+20
,,,,,,1195.524496,1.17504E+20
,,,,,,1200.04378,1.17347E+20
,,,,,,1204.563065,1.17608E+20
,,,,,,1209.082349,1.18671E+20
,,,,,,1213.601633,1.17668E+20
,,,,,,1218.120917,1.18035E+20
,,,,,,1222.640202,1.18371E+20
,,,,,,1227.159486,1.18844E+20
,,,,,,1231.67877,1.17384E+20
,,,,,,1236.198054,1.18579E+20
,,,,,,1240.717338,1.1854E+20
,,,,,,1245.236623,1.18574E+20
,,,,,,1249.755907,1.19179E+20
,,,,,,1254.275191,1.18127E+20
,,,,,,1258.794475,1.18436E+20
,,,,,,1263.31376,1.17813E+20
,,,,,,1267.833044,1.17924E+20
,,,,,,1272.352328,1.17857E+20
,,,,,,1276.871612,1.18189E+20
,,,,,,1281.390896,1.18731E+20
,,,,,,1285.910181,1.1892E+20
,,,,,,1290.429465,1.19179E+20
,,,,,,1294.948749,1.18009E+20
,,,,,,1299.468033,1.18346E+20
,,,,,,1303.987318,1.18139E+20
,,,,,,1308.506602,1.17765E+20
,,,,,,1313.025886,1.18134E+20
,,,,,,1317.54517,1.17774E+20
,,,,,,1322.064454,1.18205E+20
,,,,,,1326.583739,1.18009E+20
,,,,,,1331.103023,1.19075E+20
,,,,,,1335.622307,1.18962E+20
,,,,,,1340.141591,1.19299E+20
,,,,,,1344.660876,1.17873E+20
,,,,,,1349.18016,1.18136E+20
,,,,,,1353.699444,1.17912E+20
,,,,,,1358.218728,1.17673E+20
,,,,,,1362.738013,1.17716E+20
,,,,,,1367.257297,1.18574E+20
,,,,,,1371.776581,1.17929E+20
,,,,,,1376.295865,1.18572E+20
,,,,,,1380.815149,1.16852E+20
,,,,,,1385.334434,1.18404E+20
,,,,,,1389.853718,1.17938E+20
,,,,,,1394.373002,1.16893E+20
,,,,,,1398.892286,1.17193E+20
,,,,,,1403.411571,1.17188E+20
,,,,,,1407.930855,1.1598E+20
,,,,,,1412.450139,1.16778E+20
,,,,,,1416.969423,1.17433E+20
,,,,,,1421.488707,1.17315E+20
,,,,,,1426.007992,1.17442E+20
,,,,,,1430.527276,1.17442E+20
,,,,,,1435.04656,1.16277E+20
,,,,,,1439.565844,1.17615E+20
,,,,,,1444.085129,1.15535E+20
,,,,,,1448.604413,1.16167E+20
,,,,,,1453.123697,1.155E+20
,,,,,,1457.642981,1.16127E+20
,,,,,,1462.162265,1.16047E+20
,,,,,,1466.68155,1.16063E+20
,,,,,,1471.200834,1.15205E+20
,,,,,,1475.720118,1.1479E+20
,,,,,,1480.239402,1.15345E+20
,,,,,,1484.758687,1.1633E+20
,,,,,,1489.277971,1.1556E+20
,,,,,,1493.797255,1.1532E+20
,,,,,,1498.316539,1.14903E+20
,,,,,,1502.835823,1.14504E+20
,,,,,,1507.355108,1.14944E+20
,,,,,,1511.874392,1.13904E+20
,,,,,,1516.393676,1.15272E+20
,,,,,,1520.91296,1.14266E+20
,,,,,,1525.432245,1.13208E+20
,,,,,,1529.951529,1.13978E+20
,,,,,,1534.470813,1.1327E+20
,,,,,,1538.990097,1.13643E+20
,,,,,,1543.509382,1.13512E+20
,,,,,,1548.028666,1.12486E+20
,,,,,,1552.54795,1.13178E+20
,,,,,,1557.067234,1.12608E+20
,,,,,,1561.586518,1.11808E+20
,,,,,,1566.105803,1.11584E+20
,,,,,,1570.625087,1.12068E+20
,,,,,,1575.144371,1.11935E+20
,,,,,,1579.663655,1.12294E+20
,,,,,,1584.18294,1.11153E+20
,,,,,,1588.702224,1.11559E+20
,,,,,,1593.221508,1.11626E+20
,,,,,,1597.740792,1.10904E+20
,,,,,,1602.260076,1.1089E+20
,,,,,,1606.779361,1.09972E+20
,,,,,,1611.298645,1.08858E+20
,,,,,,1615.817929,1.08566E+20
,,,,,,1620.337213,1.08035E+20
,,,,,,1624.856498,1.097E+20
,,,,,,1629.375782,1.08815E+20
,,,,,,1633.895066,1.08533E+20
,,,,,,1638.41435,1.0828E+20
,,,,,,1642.933634,1.08796E+20
,,,,,,1647.452919,1.08365E+20
,,,,,,1651.972203,1.08522E+20
,,,,,,1656.491487,1.07639E+20
,,,,,,1661.010771,1.08086E+20
,,,,,,1665.530056,1.06066E+20
,,,,,,1670.04934,1.07415E+20
,,,,,,1674.568624,1.05522E+20
,,,,,,1679.087908,1.06887E+20
,,,,,,1683.607192,1.06121E+20
,,,,,,1688.126477,1.0527E+20
,,,,,,1692.645761,1.05469E+20
,,,,,,1697.165045,1.05324E+20
,,,,,,1701.684329,1.04553E+20
,,,,,,1706.203614,1.0436E+20
,,,,,,1710.722898,1.04173E+20
,,,,,,1715.242182,1.04752E+20
,,,,,,1719.761466,1.04632E+20
,,,,,,1724.280751,1.0273E+20
,,,,,,1728.800035,1.03221E+20
,,,,,,1733.319319,1.03165E+20
,,,,,,1737.838603,1.02474E+20
,,,,,,1742.357887,1.0228E+20
,,,,,,1746.877172,1.01236E+20
,,,,,,1751.396456,1.01964E+20
,,,,,,1755.91574,1.01664E+20
,,,,,,1760.435024,1.00579E+20
,,,,,,1764.954309,1.00793E+20
,,,,,,1769.473593,9.98201E+19
,,,,,,1773.992877,1.00719E+20
,,,,,,1778.512161,9.92322E+19
,,,,,,1783.031445,9.86789E+19
,,,,,,1787.55073,9.911E+19
,,,,,,1792.070014,9.83239E+19
,,,,,,1796.589298,9.78882E+19
,,,,,,1801.108582,9.71528E+19
,,,,,,1805.627867,9.72242E+19
,,,,,,1810.147151,9.6528E+19
,,,,,,1814.666435,9.65303E+19
,,,,,,1819.185719,9.57973E+19
,,,,,,1823.705003,9.54331E+19
,,,,,,1828.224288,9.55345E+19
,,,,,,1832.743572,9.52532E+19
,,,,,,1837.262856,9.4398E+19
,,,,,,1841.78214,9.37319E+19
,,,,,,1846.301425,9.44626E+19
,,,,,,1850.820709,9.33469E+19
,,,,,,1855.339993,9.28098E+19
,,,,,,1859.859277,9.22843E+19
,,,,,,1864.378562,9.15743E+19
,,,,,,1868.897846,9.10258E+19
,,,,,,1873.41713,9.08713E+19
,,,,,,1877.936414,9.11318E+19
,,,,,,1882.455698,8.94492E+19
,,,,,,1886.974983,8.96843E+19
,,,,,,1891.494267,8.94815E+19
,,,,,,1896.013551,8.79695E+19
,,,,,,1900.532835,8.83752E+19
,,,,,,1905.05212,8.80433E+19
,,,,,,1909.571404,8.82691E+19
,,,,,,1914.090688,8.67826E+19
,,,,,,1918.609972,8.70545E+19
,,,,,,1923.129256,8.59252E+19
,,,,,,1927.648541,8.58953E+19
,,,,,,1932.167825,8.48374E+19
,,,,,,1936.687109,8.45494E+19
,,,,,,1941.206393,8.51094E+19
,,,,,,1945.725678,8.37796E+19
,,,,,,1950.244962,8.30399E+19
,,,,,,1954.764246,8.3434E+19
,,,,,,1959.28353,8.27541E+19
,,,,,,1963.802814,8.14567E+19
,,,,,,1968.322099,8.10511E+19
,,,,,,1972.841383,8.15927E+19
,,,,,,1977.360667,8.01225E+19
,,,,,,1981.879951,8.04543E+19
,,,,,,1986.399236,7.97446E+19
,,,,,,1990.91852,7.89335E+19
,,,,,,1995.437804,7.86823E+19
,,,,,,1999.957088,7.74703E+19
,,,,,,2004.476372,7.7756E+19
,,,,,,2008.995657,7.64011E+19
,,,,,,2013.514941,7.67836E+19
,,,,,,2018.034225,7.61846E+19
,,,,,,2022.553509,7.5233E+19
,,,,,,2027.072794,7.39105E+19
,,,,,,2031.592078,7.41823E+19
,,,,,,2036.111362,7.23023E+19
,,,,,,2040.630646,7.25465E+19
,,,,,,2045.149931,7.26456E+19
,,,,,,2049.669215,7.26179E+19
,,,,,,2054.188499,7.07633E+19
,,,,,,2058.707783,7.14084E+19
,,,,,,2063.227067,6.94133E+19
,,,,,,2067.746352,6.88927E+19
,,,,,,2072.265636,6.79781E+19
,,,,,,2076.78492,6.76256E+19
,,,,,,2081.304204,6.73607E+19
,,,,,,2085.823489,6.69875E+19
,,,,,,2090.342773,6.63333E+19
,,,,,,2094.862057,6.61559E+19
,,,,,,2099.381341,6.49512E+19
,,,,,,2103.900625,6.46057E+19
,,,,,,2108.41991,6.36797E+19
,,,,,,2112.939194,6.26593E+19
,,,,,,2117.458478,6.27376E+19
,,,,,,2121.977762,6.13694E+19
,,,,,,2126.497047,6.07936E+19
,,,,,,2131.016331,6.09548E+19
,,,,,,2135.535615,5.99575E+19
,,,,,,2140.054899,5.9437E+19
,,,,,,2144.574183,5.88543E+19
,,,,,,2149.093468,5.78064E+19
,,,,,,2153.612752,5.72859E+19
,,,,,,2158.132036,5.76682E+19
,,,,,,2162.65132,5.53675E+19
,,,,,,2167.170605,5.45845E+19
,,,,,,2171.689889,5.46282E+19
,,,,,,2176.209173,5.40226E+19
,,,,,,2180.728457,5.39051E+19
,,,,,,2185.247741,5.29794E+19
,,,,,,2189.767026,5.17727E+19
,,,,,,2194.28631,5.11256E+19
,,,,,,2198.805594,5.00779E+19
,,,,,,2203.324878,4.92374E+19
,,,,,,2207.844163,4.88022E+19
,,,,,,2212.363447,4.807E+19
,,,,,,2216.882731,4.7598E+19
,,,,,,2221.402015,4.73539E+19
,,,,,,2225.9213,4.58366E+19
,,,,,,2230.440584,4.54521E+19
,,,,,,2234.959868,4.48926E+19
,,,,,,2239.479152,4.39256E+19
,,,,,,2243.998436,4.36309E+19
,,,,,,2248.517721,4.3182E+19
,,,,,,2253.037005,4.23117E+19
,,,,,,2257.556289,4.14922E+19
,,,,,,2262.075573,4.03917E+19
,,,,,,2266.594858,3.96274E+19
,,,,,,2271.114142,3.92476E+19
,,,,,,2275.633426,3.76546E+19
,,,,,,2280.15271,3.7597E+19
,,,,,,2284.671994,3.6941E+19
,,,,,,2289.191279,3.65957E+19
,,,,,,2293.710563,3.49222E+19
,,,,,,2298.229847,3.46E+19
,,,,,,2302.749131,3.41281E+19
,,,,,,2307.268416,3.38404E+19
,,,,,,2311.7877,3.22568E+19
,,,,,,2316.306984,3.20543E+19
,,,,,,2320.826268,3.10577E+19
,,,,,,2325.345552,3.05398E+19
,,,,,,2329.864837,3.01739E+19
,,,,,,2334.384121,2.93591E+19
,,,,,,2338.903405,2.89955E+19
,,,,,,2343.422689,2.80128E+19
,,,,,,2347.941974,2.72786E+19
,,,,,,2352.461258,2.67171E+19
,,,,,,2356.980542,2.5617E+19
,,,,,,2361.499826,2.55572E+19
,,,,,,2366.01911,2.43697E+19
,,,,,,2370.538395,2.41419E+19
,,,,,,2375.057679,2.3371E+19
,,,,,,2379.576963,2.2874E+19
,,,,,,2384.096247,2.21468E+19
,,,,,,2388.615532,2.15209E+19
,,,,,,2393.134816,2.09779E+19
,,,,,,2397.6541,2.05614E+19
,,,,,,2402.173384,2.01564E+19
,,,,,,2406.692669,1.93212E+19
,,,,,,2411.211953,1.85757E+19
,,,,,,2415.731237,1.84744E+19
,,,,,,2420.250521,1.81408E+19
,,,,,,2424.769805,1.7347E+19
,,,,,,2429.28909,1.67603E+19
,,,,,,2433.808374,1.63945E+19
,,,,,,2438.327658,1.56306E+19
,,,,,,2442.846942,1.54972E+19
,,,,,,2447.366227,1.46919E+19
,,,,,,2451.885511,1.44549E+19
,,,,,,2456.404795,1.4165E+19
,,,,,,2460.924079,1.40937E+19
,,,,,,2465.443363,1.33644E+19
,,,,,,2469.962648,1.27962E+19
,,,,,,2474.481932,1.27571E+19
,,,,,,2479.001216,1.19335E+19
,,,,,,2483.5205,1.1754E+19
,,,,,,2488.039785,1.12571E+19
,,,,,,2492.559069,1.10869E+19
,,,,,,2497.078353,1.05716E+19
,,,,,,2501.597637,1.01069E+19
,,,,,,2506.116921,9.87454E+18
,,,,,,2510.636206,9.75261E+18
,,,,,,2515.15549,9.51337E+18
,,,,,,2519.674774,8.85086E+18
,,,,,,2524.194058,8.54491E+18
,,,,,,2528.713343,8.4391E+18
,,,,,,2533.232627,8.4483E+18
,,,,,,2537.751911,7.795E+18
,,,,,,2542.271195,7.83411E+18
,,,,,,2546.790479,7.51437E+18
,,,,,,2551.309764,7.01751E+18
,,,,,,2555.829048,6.74838E+18
,,,,,,2560.348332,6.67477E+18
,,,,,,2564.867616,6.28603E+18
,,,,,,2569.386901,6.03761E+18
,,,,,,2573.906185,5.86739E+18
,,,,,,2578.425469,5.69718E+18
,,,,,,2582.944753,5.42116E+18
,,,,,,2587.464038,5.11063E+18
,,,,,,2591.983322,4.95192E+18
,,,,,,2596.502606,4.6E+18
,,,,,,2601.02189,4.5885E+18
,,,,,,2605.541174,4.40679E+18
,,,,,,2610.060459,4.11008E+18
,,,,,,2614.579743,3.99277E+18
,,,,,,2619.099027,3.63856E+18
,,,,,,2623.618311,3.59716E+18
,,,,,,2628.137596,3.33265E+18
,,,,,,2632.65688,3.22225E+18
,,,,,,2637.176164,3.00144E+18
,,,,,,2641.695448,2.97614E+18
,,,,,,2646.214732,2.60354E+18
,,,,,,2650.734017,2.52304E+18
,,,,,,2655.253301,2.38044E+18
,,,,,,2659.772585,2.17574E+18
,,,,,,2664.291869,1.99174E+18
,,,,,,2668.811154,1.99864E+18
,,,,,,2673.330438,1.83074E+18
,,,,,,2677.849722,1.63524E+18
,,,,,,2682.369006,1.55934E+18
,,,,,,2686.88829,1.43055E+18
,,,,,,2691.407575,1.23735E+18
,,,,,,2695.926859,1.15455E+18
,,,,,,2700.446143,9.19959E+17
,,,,,,2704.965427,9.26859E+17
,,,,,,2709.484712,8.18763E+17
,,,,,,2714.003996,6.80768E+17
,,,,,,2718.52328,7.12967E+17
,,,,,,2723.042564,5.54273E+17
,,,,,,2727.561849,4.64577E+17
,,,,,,2732.081133,4.09379E+17
,,,,,,2736.600417,3.49582E+17
,,,,,,2741.119701,3.10484E+17
,,,,,,2745.638985,2.32288E+17
,,,,,,2750.15827,2.04689E+17
,,,,,,2754.677554,1.49492E+17
,,,,,,2759.196838,1.42592E+17
,,,,,,2763.716122,1.42592E+17
,,,,,,2768.235407,1.26493E+17
,,,,,,2772.754691,1.49492E+17
,,,,,,2777.273975,1.26493E+17
,,,,,,2781.793259,8.96951E+16
,,,,,,2786.312543,9.65948E+16
,,,,,,2790.831828,8.04956E+16
,,,,,,2795.351112,6.20966E+16
,,,,,,2799.870396,5.28971E+16
,,,,,,2804.38968,4.36976E+16
,,,,,,2808.908965,6.89962E+16
,,,,,,2813.428249,4.82974E+16
,,,,,,2817.947533,3.6798E+16
,,,,,,2822.466817,5.05972E+16
,,,,,,2826.986101,3.44981E+16
,,,,,,2831.505386,4.59975E+16
,,,,,,2836.02467,4.82974E+16
,,,,,,2840.543954,5.05972E+16
,,,,,,2845.063238,3.44981E+16
,,,,,,2849.582523,2.98984E+16
,,,,,,2854.101807,2.52986E+16
,,,,,,2858.621091,3.44981E+16
,,,,,,2863.140375,3.44981E+16
,,,,,,2867.659659,2.52986E+16
,,,,,,2872.178944,2.06989E+16
,,,,,,2876.698228,3.44981E+16
,,,,,,2881.217512,4.13977E+16
,,,,,,2885.736796,2.06989E+16
,,,,,,2890.256081,2.75985E+16
,,,,,,2894.775365,2.52986E+16
,,,,,,2899.294649,2.98984E+16
,,,,,,2903.813933,2.29987E+16
,,,,,,2908.333218,3.90979E+16
,,,,,,2912.852502,1.14994E+16
,,,,,,2917.371786,2.06989E+16
,,,,,,2921.89107,1.37992E+16
,,,,,,2926.410354,3.21982E+16
,,,,,,2930.929639,4.59975E+15
,,,,,,2935.448923,2.29987E+16
,,,,,,2939.968207,1.8399E+16
,,,,,,2944.487491,2.98984E+16
,,,,,,2949.006776,3.44981E+16
,,,,,,2953.52606,2.52986E+16
,,,,,,2958.045344,1.60991E+16
,,,,,,2962.564628,3.21982E+16
,,,,,,2967.083912,1.8399E+16
,,,,,,2971.603197,2.29987E+16
,,,,,,2976.122481,3.21982E+16
,,,,,,2980.641765,1.37992E+16
,,,,,,2985.161049,1.37992E+16
,,,,,,2989.680334,2.29987E+16
,,,,,,2994.199618,2.75985E+16
,,,,,,2998.718902,2.29987E+16
